QB,RB1,RB2,WR1,WR2,WR3,TE,FLEX,DEF,lineup_id,player_ids,tier,temperature,milp_projection,total_salary,mean,median,p10,p90,std,skewness,fitness,lineupid
drake maye,devon achane,christian mccaffrey,tetairoa mcmillan,marvin harrison,troy franklin,taysom hill,treveyon henderson,panthers,child_136321,"drake maye,panthers,tetairoa mcmillan,marvin harrison,troy franklin,devon achane,christian mccaffrey,treveyon henderson,taysom hill",,,,,139.0780698884142,136.62185664779847,111.08597394258472,169.27681762209403,24.16238438152989,0.1016544229175208,136.62185664779847,
drake maye,devon achane,christian mccaffrey,tetairoa mcmillan,marvin harrison,wandale robinson,taysom hill,treveyon henderson,cardinals,mutated_392336,"drake maye,cardinals,tetairoa mcmillan,marvin harrison,wandale robinson,devon achane,christian mccaffrey,treveyon henderson,taysom hill",,,,,139.03597656057315,136.17525407243173,114.36728825507852,168.36318942306212,22.403878377962958,0.1276887170997724,136.17525407243173,
drake maye,devon achane,christian mccaffrey,tetairoa mcmillan,troy franklin,wandale robinson,taysom hill,treveyon henderson,panthers,mutated_291558,"drake maye,panthers,tetairoa mcmillan,troy franklin,wandale robinson,devon achane,christian mccaffrey,treveyon henderson,taysom hill",,,,,138.7896992150555,136.15149002701764,112.10677993736935,168.2215737367232,22.880267516497852,0.11530499746716524,136.15149002701764,
drake maye,devon achane,christian mccaffrey,wandale robinson,tetairoa mcmillan,michael pittman,hunter henry,treveyon henderson,dolphins,,"drake maye,dolphins,wandale robinson,tetairoa mcmillan,michael pittman,devon achane,christian mccaffrey,treveyon henderson,hunter henry",,,,,138.54587602373462,135.87818655542918,113.00226123053206,165.98084276824832,21.598843197474995,0.12351075675281097,135.87818655542918,child_890270
drake maye,devon achane,christian mccaffrey,wandale robinson,tetairoa mcmillan,michael pittman,hunter henry,treveyon henderson,cardinals,,"drake maye,cardinals,wandale robinson,tetairoa mcmillan,michael pittman,devon achane,christian mccaffrey,treveyon henderson,hunter henry",,,,,137.6483200019853,135.6776241627621,112.45430590019592,166.3954456370999,21.192492242964004,0.09299028243728512,135.6776241627621,child_983305
drake maye,devon achane,christian mccaffrey,tetairoa mcmillan,michael pittman,troy franklin,taysom hill,treveyon henderson,dolphins,child_449828,"drake maye,dolphins,tetairoa mcmillan,michael pittman,troy franklin,devon achane,christian mccaffrey,treveyon henderson,taysom hill",,,,,136.8594492196901,135.64530268860463,109.24230335824645,165.6133391943881,22.878489957288853,0.053069347380536404,135.64530268860463,
drake maye,devon achane,christian mccaffrey,wandale robinson,tetairoa mcmillan,michael pittman,taysom hill,treveyon henderson,dolphins,,"drake maye,dolphins,wandale robinson,tetairoa mcmillan,michael pittman,devon achane,christian mccaffrey,treveyon henderson,taysom hill",,,,,137.16883656541665,135.62318682972364,110.34741378603215,164.10217071058605,21.800875483051357,0.07089851675427679,135.62318682972364,child_792910
drake maye,devon achane,christian mccaffrey,wandale robinson,tetairoa mcmillan,michael pittman,hunter henry,treveyon henderson,titans,,"drake maye,titans,wandale robinson,tetairoa mcmillan,michael pittman,devon achane,christian mccaffrey,treveyon henderson,hunter henry",,,,,137.58889140772976,135.6114009072291,112.7106437457234,165.19057016287525,21.052537263314296,0.09393121958494748,135.6114009072291,child_612326
drake maye,devon achane,christian mccaffrey,courtland sutton,wandale robinson,brian thomas,hunter henry,treveyon henderson,chargers,mutated_315611,"drake maye,chargers,courtland sutton,wandale robinson,brian thomas,devon achane,christian mccaffrey,treveyon henderson,hunter henry",,,,,137.1124996692244,135.46328881344638,112.539980743509,164.38652010225556,20.495418393831773,0.08046729391356866,135.46328881344638,
drake maye,devon achane,christian mccaffrey,stefon diggs,wandale robinson,troy franklin,hunter henry,treveyon henderson,dolphins,child_558491,"drake maye,dolphins,stefon diggs,wandale robinson,troy franklin,devon achane,christian mccaffrey,treveyon henderson,hunter henry",,,,,136.62556456168554,135.4550715434787,112.39733662613008,161.349338157277,20.138648118794983,0.058121727501382274,135.4550715434787,
drake maye,devon achane,christian mccaffrey,wandale robinson,tetairoa mcmillan,michael pittman,hunter henry,treveyon henderson,panthers,,"drake maye,panthers,wandale robinson,tetairoa mcmillan,michael pittman,devon achane,christian mccaffrey,treveyon henderson,hunter henry",,,,,138.41541110610973,135.4314319943672,114.17494075871232,164.67411640994408,21.866028593033032,0.13646644149607026,135.4314319943672,child_981134
drake maye,devon achane,christian mccaffrey,tetairoa mcmillan,wandale robinson,troy franklin,taysom hill,treveyon henderson,dolphins,,"drake maye,dolphins,tetairoa mcmillan,wandale robinson,troy franklin,devon achane,christian mccaffrey,treveyon henderson,taysom hill",,,,,137.58682766010836,135.33438669997435,112.02475823578904,166.63530651066037,21.058436126803212,0.10696145461946717,135.33438669997435,child_414168
drake maye,devon achane,christian mccaffrey,tetairoa mcmillan,wandale robinson,troy franklin,hunter henry,treveyon henderson,panthers,child_197305,"drake maye,panthers,tetairoa mcmillan,wandale robinson,troy franklin,devon achane,christian mccaffrey,treveyon henderson,hunter henry",,,,,137.0406667019183,135.3090476354332,111.26646869893692,164.29500936798766,20.974872863065045,0.08255683253910645,135.3090476354332,
drake maye,devon achane,christian mccaffrey,tetairoa mcmillan,troy franklin,wandale robinson,taysom hill,treveyon henderson,titans,,"drake maye,titans,tetairoa mcmillan,troy franklin,wandale robinson,devon achane,christian mccaffrey,treveyon henderson,taysom hill",,,,,137.12353080287465,135.302430238971,111.84366506477346,163.4531399712574,21.468711368753066,0.08482579753502122,135.302430238971,child_143497
drake maye,devon achane,christian mccaffrey,wandale robinson,tetairoa mcmillan,michael pittman,harold fannin,treveyon henderson,dolphins,mutated_321003,"drake maye,dolphins,wandale robinson,tetairoa mcmillan,michael pittman,devon achane,christian mccaffrey,treveyon henderson,harold fannin",,,,,138.2599977882095,135.2648072642079,111.67010397052985,166.5656114598837,22.41426146176104,0.13362878491943292,135.2648072642079,
drake maye,devon achane,christian mccaffrey,tetairoa mcmillan,troy franklin,michael pittman,hunter henry,treveyon henderson,cardinals,child_626050,"drake maye,cardinals,tetairoa mcmillan,troy franklin,michael pittman,devon achane,christian mccaffrey,treveyon henderson,hunter henry",,,,,137.6103858963414,135.23985539734696,110.44808253309195,168.1387658421507,23.462757802186978,0.1010337539593697,135.23985539734696,
drake maye,devon achane,christian mccaffrey,wandale robinson,tetairoa mcmillan,michael pittman,hunter henry,treveyon henderson,chargers,mutated_492438,"drake maye,chargers,wandale robinson,tetairoa mcmillan,michael pittman,devon achane,christian mccaffrey,treveyon henderson,hunter henry",,,,,138.0799542336244,135.1990102324836,112.90418309025428,166.13712553115892,22.541659898292362,0.12780531753826324,135.1990102324836,
drake maye,devon achane,christian mccaffrey,tetairoa mcmillan,troy franklin,wandale robinson,taysom hill,treveyon henderson,cardinals,mutated_150263,"drake maye,cardinals,tetairoa mcmillan,troy franklin,wandale robinson,devon achane,christian mccaffrey,treveyon henderson,taysom hill",,,,,136.8433220450187,135.19732111399057,111.15303497162415,164.57118261606055,21.30302175403943,0.07726607755615843,135.19732111399057,
drake maye,devon achane,christian mccaffrey,tetairoa mcmillan,wandale robinson,troy franklin,hunter henry,treveyon henderson,dolphins,child_981127,"drake maye,dolphins,tetairoa mcmillan,wandale robinson,troy franklin,devon achane,christian mccaffrey,treveyon henderson,hunter henry",,,,,137.12136303638172,135.15055350313293,112.45827280010927,163.2169187447558,21.47780211879015,0.09176029848625,135.15055350313293,
drake maye,devon achane,christian mccaffrey,tetairoa mcmillan,wandale robinson,troy franklin,hunter henry,treveyon henderson,chargers,child_313443,"drake maye,chargers,tetairoa mcmillan,wandale robinson,troy franklin,devon achane,christian mccaffrey,treveyon henderson,hunter henry",,,,,137.4546514083261,135.14536314558055,112.3334158443905,164.04338254995065,21.51112163078048,0.10735322417782112,135.14536314558055,
drake maye,devon achane,christian mccaffrey,tetairoa mcmillan,troy franklin,michael pittman,hunter henry,treveyon henderson,titans,child_959583,"drake maye,titans,tetairoa mcmillan,troy franklin,michael pittman,devon achane,christian mccaffrey,treveyon henderson,hunter henry",,,,,136.74582763485262,135.13504503617492,109.59290729834181,166.06831030002937,22.611218333587367,0.07123820463424556,135.13504503617492,
drake maye,devon achane,christian mccaffrey,tetairoa mcmillan,troy franklin,wandale robinson,taysom hill,treveyon henderson,chargers,,"drake maye,chargers,tetairoa mcmillan,troy franklin,wandale robinson,devon achane,christian mccaffrey,treveyon henderson,taysom hill",,,,,136.7697909187552,135.117837402554,112.08962246314717,164.33266042732728,21.153564841608862,0.07809338655543488,135.117837402554,child_523576
drake maye,devon achane,christian mccaffrey,wandale robinson,tetairoa mcmillan,michael pittman,taysom hill,treveyon henderson,panthers,child_507720,"drake maye,panthers,wandale robinson,tetairoa mcmillan,michael pittman,devon achane,christian mccaffrey,treveyon henderson,taysom hill",,,,,137.89580262548523,134.90348784200762,112.05635375624983,165.34218498907256,22.021986368063978,0.1358785140207438,134.90348784200762,
drake maye,devon achane,christian mccaffrey,courtland sutton,wandale robinson,brian thomas,taysom hill,treveyon henderson,dolphins,,"drake maye,dolphins,courtland sutton,wandale robinson,brian thomas,devon achane,christian mccaffrey,treveyon henderson,taysom hill",,,,,136.86515545868835,134.86248012507542,111.86877263559741,163.55786847862618,21.47642059839952,0.09324995869014467,134.86248012507542,child_377429
drake maye,devon achane,christian mccaffrey,tetairoa mcmillan,troy franklin,wandale robinson,hunter henry,treveyon henderson,titans,,"drake maye,titans,tetairoa mcmillan,troy franklin,wandale robinson,devon achane,christian mccaffrey,treveyon henderson,hunter henry",,,,,136.66755632665416,134.81887566889165,111.71617832337677,163.20848928210805,20.835310787363785,0.08872824968292307,134.81887566889165,child_856915
drake maye,devon achane,christian mccaffrey,stefon diggs,wandale robinson,troy franklin,hunter henry,treveyon henderson,chargers,child_362749,"drake maye,chargers,stefon diggs,wandale robinson,troy franklin,devon achane,christian mccaffrey,treveyon henderson,hunter henry",,,,,136.68343655767072,134.7723580730808,111.4342814468774,161.46953225894262,20.88923667033683,0.09148627662894425,134.7723580730808,
drake maye,devon achane,christian mccaffrey,tetairoa mcmillan,troy franklin,wandale robinson,kyle pitts sr,treveyon henderson,titans,,"drake maye,titans,tetairoa mcmillan,troy franklin,wandale robinson,devon achane,christian mccaffrey,treveyon henderson,kyle pitts sr",,,,,137.09405871859204,134.51933146749087,112.47895667579965,164.52944129831428,20.89693888729538,0.12321073746674502,134.51933146749087,child_973460
drake maye,devon achane,christian mccaffrey,wandale robinson,tetairoa mcmillan,michael pittman,evan engram,treveyon henderson,cardinals,child_540947,"drake maye,cardinals,wandale robinson,tetairoa mcmillan,michael pittman,devon achane,christian mccaffrey,treveyon henderson,evan engram",,,,,137.00282042116967,134.500188354837,111.88144841376769,164.80151046741113,21.726076518851396,0.11519024450462415,134.500188354837,
drake maye,devon achane,christian mccaffrey,wandale robinson,stefon diggs,michael pittman,hunter henry,treveyon henderson,titans,,"drake maye,titans,wandale robinson,stefon diggs,michael pittman,devon achane,christian mccaffrey,treveyon henderson,hunter henry",,,,,137.27410508416946,134.24011714180648,112.17943064916156,166.20631029817363,21.380476154377956,0.141904601209816,134.24011714180648,child_249488
drake maye,devon achane,christian mccaffrey,tetairoa mcmillan,troy franklin,wandale robinson,evan engram,treveyon henderson,titans,child_458164,"drake maye,titans,tetairoa mcmillan,troy franklin,wandale robinson,devon achane,christian mccaffrey,treveyon henderson,evan engram",,,,,136.403784881693,134.03969842453435,111.41799495469394,164.5532784822202,21.57920708809007,0.10955390749567637,134.03969842453435,
drake maye,devon achane,christian mccaffrey,tetairoa mcmillan,troy franklin,wandale robinson,hunter henry,treveyon henderson,cardinals,child_929723,"drake maye,cardinals,tetairoa mcmillan,troy franklin,wandale robinson,devon achane,christian mccaffrey,treveyon henderson,hunter henry",,,,,136.39899917031343,133.40456603236555,112.18816185856501,164.84414514611623,20.8602478988654,0.14354734193311042,133.40456603236555,
drake maye,devon achane,christian mccaffrey,jaylen waddle,tetairoa mcmillan,troy franklin,kyle pitts sr,treveyon henderson,titans,,"drake maye,titans,jaylen waddle,tetairoa mcmillan,troy franklin,devon achane,christian mccaffrey,treveyon henderson,kyle pitts sr",,,,,135.09833280630392,132.7371446785695,109.57622137188446,163.20281979702156,22.30496021942357,0.1058593292481303,132.7371446785695,child_125573
drake maye,devon achane,christian mccaffrey,stefon diggs,wandale robinson,troy franklin,taysom hill,travis etienne,dolphins,mutated_316778,"drake maye,dolphins,stefon diggs,wandale robinson,troy franklin,devon achane,christian mccaffrey,travis etienne,taysom hill",,,,,134.55479725060965,132.7168120075483,109.27645984042718,160.54205876760759,21.48098999805667,0.0855633396425226,132.7168120075483,
drake maye,devon achane,christian mccaffrey,courtland sutton,keenan allen,brian thomas,taysom hill,treveyon henderson,dolphins,mutated_458550,"drake maye,dolphins,courtland sutton,keenan allen,brian thomas,devon achane,christian mccaffrey,treveyon henderson,taysom hill",,,,,134.56636611011345,132.48167369139554,107.86200014322873,163.31219762485267,22.9068774192339,0.09100727177103074,132.48167369139554,
drake maye,devon achane,christian mccaffrey,wandale robinson,tetairoa mcmillan,michael pittman,kyle pitts sr,travis etienne,chargers,mutated_483907,"drake maye,chargers,wandale robinson,tetairoa mcmillan,michael pittman,devon achane,christian mccaffrey,travis etienne,kyle pitts sr",,,,,134.45186875930528,131.9017276956966,111.14461794543803,161.89180351453945,20.7451324930476,0.12292720060782117,131.9017276956966,
bo nix,devon achane,christian mccaffrey,wandale robinson,tetairoa mcmillan,michael pittman,harold fannin,treveyon henderson,dolphins,mutated_716995,"bo nix,dolphins,wandale robinson,tetairoa mcmillan,michael pittman,devon achane,christian mccaffrey,treveyon henderson,harold fannin",,,,,134.73472033989677,131.90079106057905,109.73037439678224,163.6841481491074,21.34291284863168,0.13278081110186427,131.90079106057905,
drake maye,devon achane,christian mccaffrey,jaylen waddle,troy franklin,michael pittman,hunter henry,treveyon henderson,chargers,child_429873,"drake maye,chargers,jaylen waddle,troy franklin,michael pittman,devon achane,christian mccaffrey,treveyon henderson,hunter henry",,,,,134.3083717452404,131.38539729191103,109.07523811133409,163.70583048833808,22.278796095286694,0.13119983866398235,131.38539729191103,
drake maye,devon achane,christian mccaffrey,wandale robinson,tetairoa mcmillan,michael pittman,taysom hill,rj harvey,dolphins,child_910575,"drake maye,dolphins,wandale robinson,tetairoa mcmillan,michael pittman,devon achane,christian mccaffrey,rj harvey,taysom hill",,,,,134.23224990668095,131.33560367839775,109.83999220067231,161.3885005553618,21.288564367073594,0.13606583226266594,131.33560367839775,
drake maye,devon achane,christian mccaffrey,tetairoa mcmillan,alec pierce,troy franklin,hunter henry,treveyon henderson,chargers,child_353963,"drake maye,chargers,tetairoa mcmillan,alec pierce,troy franklin,devon achane,christian mccaffrey,treveyon henderson,hunter henry",,,,,133.6352213824321,131.2675670558636,108.70934155412986,160.85056050032094,21.387138396201035,0.11070458715454244,131.2675670558636,
drake maye,devon achane,christian mccaffrey,tetairoa mcmillan,mack hollins,wandale robinson,evan engram,treveyon henderson,chargers,mutated_614714,"drake maye,chargers,tetairoa mcmillan,mack hollins,wandale robinson,devon achane,christian mccaffrey,treveyon henderson,evan engram",,,,,133.33357293896836,131.23199427704748,108.03123042192007,160.47771618701958,21.848979800197927,0.09618658084446782,131.23199427704748,
drake maye,devon achane,christian mccaffrey,tetairoa mcmillan,wandale robinson,troy franklin,brenton strange,rj harvey,titans,,"drake maye,titans,tetairoa mcmillan,wandale robinson,troy franklin,devon achane,christian mccaffrey,rj harvey,brenton strange",,,,,133.8014901370785,131.16372974690773,109.3644462240888,161.33280313428384,21.98392574474674,0.11998586698288341,131.16372974690773,child_554849
drake maye,devon achane,christian mccaffrey,jaylen waddle,troy franklin,michael pittman,kyle pitts sr,treveyon henderson,dolphins,child_990654,"drake maye,dolphins,jaylen waddle,troy franklin,michael pittman,devon achane,christian mccaffrey,treveyon henderson,kyle pitts sr",,,,,133.44881207740465,131.15475805782322,107.74856120337415,160.51599621210735,21.565804776093405,0.10637460755114006,131.15475805782322,
bo nix,devon achane,christian mccaffrey,wandale robinson,troy franklin,michael pittman,hunter henry,treveyon henderson,dolphins,,"bo nix,dolphins,wandale robinson,troy franklin,michael pittman,devon achane,christian mccaffrey,treveyon henderson,hunter henry",,,,,133.92230903818643,130.96379257760648,108.85600201624085,160.42758793995878,21.674104520047827,0.1365000550700221,130.96379257760648,child_150192
drake maye,devon achane,christian mccaffrey,jaylen waddle,wandale robinson,michael pittman,hunter henry,rj harvey,giants,39,"drake maye,devon achane,christian mccaffrey,rj harvey,jaylen waddle,wandale robinson,michael pittman,hunter henry,giants",2.0,0.8066666666666666,119.4,60000.0,132.54993916005327,130.7199583064573,106.90362823762408,159.3073402768745,20.43099974644023,0.0895688354122178,130.7199583064573,
drake maye,devon achane,christian mccaffrey,jaylen waddle,tetairoa mcmillan,troy franklin,kyle pitts sr,rj harvey,titans,1,"drake maye,devon achane,christian mccaffrey,rj harvey,jaylen waddle,tetairoa mcmillan,troy franklin,kyle pitts sr,titans",1.0,0.0,120.6,60000.0,132.46064686369874,130.5810851696206,107.55770110773604,159.82648660644773,20.809252717860335,0.0903233633404309,130.5810851696206,
drake maye,devon achane,christian mccaffrey,jaylen waddle,wandale robinson,troy franklin,hunter henry,rj harvey,titans,9,"drake maye,devon achane,christian mccaffrey,rj harvey,jaylen waddle,wandale robinson,troy franklin,hunter henry,titans",1.0,0.0,119.9,59900.0,132.28955329706537,130.41632739205,108.3158895676234,158.74081523492373,19.898356563864343,0.0941397295300846,130.41632739205,
drake maye,devon achane,christian mccaffrey,wandale robinson,tetairoa mcmillan,michael pittman,taysom hill,quinshon judkins,dolphins,mutated_739229,"drake maye,dolphins,wandale robinson,tetairoa mcmillan,michael pittman,devon achane,christian mccaffrey,quinshon judkins,taysom hill",,,,,132.49965325770737,130.1914231202336,107.33733505237126,161.7097178387361,21.85431020245479,0.10561898847827732,130.1914231202336,
drake maye,devon achane,christian mccaffrey,jaylen waddle,wandale robinson,courtland sutton,kyle pitts sr,rj harvey,titans,27,"drake maye,devon achane,christian mccaffrey,rj harvey,jaylen waddle,wandale robinson,courtland sutton,kyle pitts sr,titans",2.0,0.4866666666666667,119.5,60000.0,131.9388569021015,130.1411184718505,108.94685968744992,157.35795556696922,19.239425203137213,0.0934403398890451,130.1411184718505,
bo nix,devon achane,christian mccaffrey,courtland sutton,wandale robinson,brian thomas,hunter henry,ashton jeanty,chargers,,"bo nix,chargers,courtland sutton,wandale robinson,brian thomas,devon achane,christian mccaffrey,ashton jeanty,hunter henry",,,,,131.94852030426316,130.01306013297608,106.58169708081672,159.10643392192767,21.658864074223416,0.08936111167485003,130.01306013297608,child_455571
drake maye,devon achane,christian mccaffrey,jauan jennings,john metchie,wandale robinson,kyle pitts sr,rj harvey,chargers,mutated_531192,"drake maye,chargers,jauan jennings,john metchie,wandale robinson,devon achane,christian mccaffrey,rj harvey,kyle pitts sr",,,,,131.7001709265052,129.83335836762285,108.91355141014935,156.31011759253192,19.189293758978696,0.09728406799801374,129.83335836762285,
drake maye,devon achane,christian mccaffrey,tetairoa mcmillan,wandale robinson,troy franklin,kyle pitts sr,rj harvey,cardinals,,"drake maye,cardinals,tetairoa mcmillan,wandale robinson,troy franklin,devon achane,christian mccaffrey,rj harvey,kyle pitts sr",,,,,132.47191225995834,129.8076432493371,107.6544310974075,160.62178961099585,21.174409173169405,0.12582495165896757,129.8076432493371,child_516241
drake maye,devon achane,christian mccaffrey,tetairoa mcmillan,troy franklin,michael pittman,kyle pitts sr,rj harvey,dolphins,33,"drake maye,devon achane,christian mccaffrey,rj harvey,tetairoa mcmillan,troy franklin,michael pittman,kyle pitts sr,dolphins",2.0,0.6466666666666667,119.5,59900.0,132.0297038045543,129.7021740442155,105.87116641034022,159.38470707708467,22.154991535955617,0.1050566756733539,129.7021740442155,
drake maye,devon achane,christian mccaffrey,jaylen waddle,wandale robinson,troy franklin,kyle pitts sr,rj harvey,saints,12,"drake maye,devon achane,christian mccaffrey,rj harvey,jaylen waddle,wandale robinson,troy franklin,kyle pitts sr,saints",1.0,0.0,119.9,60000.0,131.34494248960792,129.506925735531,108.95214779276984,157.45320247942854,19.5657538121062,0.0939405029690009,129.506925735531,
drake maye,devon achane,christian mccaffrey,jaylen waddle,tetairoa mcmillan,michael pittman,kyle pitts sr,rj harvey,chargers,child_944005,"drake maye,chargers,jaylen waddle,tetairoa mcmillan,michael pittman,devon achane,christian mccaffrey,rj harvey,kyle pitts sr",,,,,131.75844116296142,129.19590430149154,106.80441234445344,160.33488105844873,21.779932596168322,0.11765586739789541,129.19590430149154,
drake maye,devon achane,christian mccaffrey,jaylen waddle,wandale robinson,michael pittman,kyle pitts sr,rj harvey,raiders,48,"drake maye,devon achane,christian mccaffrey,rj harvey,jaylen waddle,wandale robinson,michael pittman,kyle pitts sr,raiders",2.0,1.0466666666666666,119.3,59800.0,131.90874164179962,129.05852277009984,108.43463971273812,158.170724684016,20.465354205526545,0.1392704393520878,129.05852277009984,
drake maye,devon achane,christian mccaffrey,jaylen waddle,troy franklin,michael pittman,hunter henry,rj harvey,raiders,32,"drake maye,devon achane,christian mccaffrey,rj harvey,jaylen waddle,troy franklin,michael pittman,hunter henry,raiders",2.0,0.6200000000000001,119.5,59900.0,131.38033773982465,128.51974456989583,106.03278695684682,160.00841548417773,21.99682676567877,0.1300457197940999,128.51974456989583,
drake maye,devon achane,christian mccaffrey,jaylen waddle,troy franklin,michael pittman,kyle pitts sr,rj harvey,cardinals,13,"drake maye,devon achane,christian mccaffrey,rj harvey,jaylen waddle,troy franklin,michael pittman,kyle pitts sr,cardinals",1.0,0.0,119.8,59900.0,130.73859158362458,128.35769092624426,104.95165298128413,157.99651482199917,21.41302001725945,0.1111893911022945,128.35769092624426,
bo nix,devon achane,christian mccaffrey,tetairoa mcmillan,wandale robinson,troy franklin,kyle pitts sr,rj harvey,chargers,16,"bo nix,devon achane,christian mccaffrey,rj harvey,tetairoa mcmillan,wandale robinson,troy franklin,kyle pitts sr,chargers",1.0,0.0,119.8,60000.0,131.38999706198695,128.3280198323647,107.71268877423536,159.6993921103957,21.13296115553931,0.1448910641100406,128.3280198323647,
bo nix,devon achane,christian mccaffrey,jaylen waddle,wandale robinson,troy franklin,hunter henry,rj harvey,falcons,31,"bo nix,devon achane,christian mccaffrey,rj harvey,jaylen waddle,wandale robinson,troy franklin,hunter henry,falcons",2.0,0.5933333333333333,119.5,60000.0,129.7757525215268,128.253930686667,105.83713031900254,156.272654766046,20.817752756653665,0.073102118785296,128.253930686667,
drake maye,devon achane,rico dowdle,tetairoa mcmillan,michael pittman,troy franklin,taysom hill,treveyon henderson,dolphins,mutated_936940,"drake maye,dolphins,tetairoa mcmillan,michael pittman,troy franklin,devon achane,rico dowdle,treveyon henderson,taysom hill",,,,,130.08202201348368,128.203793650884,102.66831744540701,158.2945534614642,22.14673531053676,0.08480836277959579,128.203793650884,
drake maye,devon achane,christian mccaffrey,jaylen waddle,tetairoa mcmillan,alec pierce,hunter henry,rj harvey,titans,47,"drake maye,devon achane,christian mccaffrey,rj harvey,jaylen waddle,tetairoa mcmillan,alec pierce,hunter henry,titans",2.0,1.02,119.3,59900.0,130.30769983265273,128.16030944554393,106.26508111523962,157.85133017153183,20.875888277010375,0.1028646234648428,128.16030944554393,
bo nix,devon achane,christian mccaffrey,jaylen waddle,tetairoa mcmillan,wandale robinson,kyle pitts sr,rj harvey,dolphins,5,"bo nix,devon achane,christian mccaffrey,rj harvey,jaylen waddle,tetairoa mcmillan,wandale robinson,kyle pitts sr,dolphins",1.0,0.0,120.1,60000.0,129.45785455027033,127.79326899964914,105.9777745233669,155.70478352833663,19.52238941370801,0.0852654618933255,127.79326899964914,
bo nix,devon achane,christian mccaffrey,jaylen waddle,troy franklin,michael pittman,kyle pitts sr,ashton jeanty,dolphins,43,"bo nix,devon achane,christian mccaffrey,ashton jeanty,jaylen waddle,troy franklin,michael pittman,kyle pitts sr,dolphins",2.0,0.9133333333333332,119.4,60000.0,129.76826370590567,127.67235891321452,103.92111416882784,158.23596995559154,22.127213964214643,0.0947206817849175,127.67235891321452,
matthew stafford,devon achane,christian mccaffrey,wandale robinson,troy franklin,michael pittman,kyle pitts sr,rj harvey,chargers,7,"matthew stafford,devon achane,christian mccaffrey,rj harvey,wandale robinson,troy franklin,michael pittman,kyle pitts sr,chargers",1.0,0.0,120.0,60000.0,129.04017804569608,127.23443367673627,105.0803851392215,154.52120522126398,20.870944745130807,0.0865195318664754,127.23443367673627,
drake maye,devon achane,christian mccaffrey,jaylen waddle,troy franklin,alec pierce,kyle pitts sr,rj harvey,falcons,26,"drake maye,devon achane,christian mccaffrey,rj harvey,jaylen waddle,troy franklin,alec pierce,kyle pitts sr,falcons",2.0,0.46,119.5,60000.0,128.88666067601417,127.12812936533784,104.532558989268,154.89753049558593,20.000610788533113,0.0879238803889209,127.12812936533784,
justin herbert,devon achane,christian mccaffrey,wandale robinson,tetairoa mcmillan,michael pittman,hunter henry,treveyon henderson,chargers,mutated_525380,"justin herbert,chargers,wandale robinson,tetairoa mcmillan,michael pittman,devon achane,christian mccaffrey,treveyon henderson,hunter henry",,,,,129.13478826742968,126.83048878782763,105.21356763784547,154.5031638013149,20.090137097526313,0.11469804652979586,126.83048878782763,
drake maye,devon achane,christian mccaffrey,jaylen waddle,wandale robinson,alec pierce,kyle pitts sr,rj harvey,dolphins,38,"drake maye,devon achane,christian mccaffrey,rj harvey,jaylen waddle,wandale robinson,alec pierce,kyle pitts sr,dolphins",2.0,0.78,119.4,59900.0,129.49069449674738,126.8145878163332,106.219856561074,154.57641324466144,19.672937798968693,0.1360298450470616,126.8145878163332,
bo nix,devon achane,christian mccaffrey,jaylen waddle,tetairoa mcmillan,troy franklin,hunter henry,rj harvey,cardinals,36,"bo nix,devon achane,christian mccaffrey,rj harvey,jaylen waddle,tetairoa mcmillan,troy franklin,hunter henry,cardinals",2.0,0.7266666666666667,119.4,59900.0,129.73261607925716,126.80643556984052,104.38897434650428,160.10247342330604,21.57882304946962,0.1356042682544987,126.80643556984052,
justin herbert,devon achane,christian mccaffrey,wandale robinson,stefon diggs,michael pittman,hunter henry,treveyon henderson,panthers,mutated_545546,"justin herbert,panthers,wandale robinson,stefon diggs,michael pittman,devon achane,christian mccaffrey,treveyon henderson,hunter henry",,,,,128.66952590533097,126.78284271453828,106.41923332776038,154.20489362313916,20.167224932817668,0.09355194862345877,126.78284271453828,
bo nix,devon achane,christian mccaffrey,jaylen waddle,tetairoa mcmillan,tre tucker,kyle pitts sr,rj harvey,chargers,30,"bo nix,devon achane,christian mccaffrey,rj harvey,jaylen waddle,tetairoa mcmillan,tre tucker,kyle pitts sr,chargers",2.0,0.5666666666666667,119.5,60000.0,129.45973495406494,126.72958234926364,103.59033126130772,157.08582861928076,22.27558587400918,0.1225625498805304,126.72958234926364,
matthew stafford,devon achane,christian mccaffrey,tetairoa mcmillan,wandale robinson,troy franklin,kyle pitts sr,rj harvey,chargers,child_306791,"matthew stafford,chargers,tetairoa mcmillan,wandale robinson,troy franklin,devon achane,christian mccaffrey,rj harvey,kyle pitts sr",,,,,128.85758841753068,126.72165139387036,105.50732217352413,155.4199929466673,20.35273091721679,0.10494596682617593,126.72165139387036,
bo nix,devon achane,christian mccaffrey,jaylen waddle,tetairoa mcmillan,troy franklin,kyle pitts sr,ashton jeanty,titans,46,"bo nix,devon achane,christian mccaffrey,ashton jeanty,jaylen waddle,tetairoa mcmillan,troy franklin,kyle pitts sr,titans",2.0,0.9933333333333334,119.3,59900.0,128.45198267080815,126.71971554561424,103.77577029483226,155.01033108930366,21.596953443519347,0.0802088650940589,126.71971554561424,
bo nix,devon achane,christian mccaffrey,jaylen waddle,wandale robinson,alec pierce,kyle pitts sr,rj harvey,chargers,41,"bo nix,devon achane,christian mccaffrey,rj harvey,jaylen waddle,wandale robinson,alec pierce,kyle pitts sr,chargers",2.0,0.8599999999999999,119.4,59800.0,127.45876802760246,125.8685497298484,104.48667448925671,151.5028652062929,19.58283231946195,0.0812047139970476,125.8685497298484,
matthew stafford,devon achane,christian mccaffrey,jaylen waddle,wandale robinson,michael pittman,kyle pitts sr,rj harvey,cardinals,37,"matthew stafford,devon achane,christian mccaffrey,rj harvey,jaylen waddle,wandale robinson,michael pittman,kyle pitts sr,cardinals",2.0,0.7533333333333334,119.4,59800.0,127.39730326708629,125.75397252106148,102.24454999531886,152.85906292043362,20.43340987658676,0.0804237156671428,125.75397252106148,
matthew stafford,devon achane,christian mccaffrey,jaylen waddle,wandale robinson,courtland sutton,hunter henry,rj harvey,titans,49,"matthew stafford,devon achane,christian mccaffrey,rj harvey,jaylen waddle,wandale robinson,courtland sutton,hunter henry,titans",2.0,1.0733333333333337,119.3,60000.0,128.35276650647333,125.68577899932254,103.90890744322704,154.83615972599077,21.651847002412612,0.1231759815619248,125.68577899932254,
matthew stafford,devon achane,christian mccaffrey,jaylen waddle,tetairoa mcmillan,khalil shakir,kyle pitts sr,rj harvey,giants,34,"matthew stafford,devon achane,christian mccaffrey,rj harvey,jaylen waddle,tetairoa mcmillan,khalil shakir,kyle pitts sr,giants",2.0,0.6733333333333333,119.4,59900.0,128.6220437786983,125.68225858369198,101.83591043612552,157.94231433134306,23.451344511385532,0.1253567868391967,125.68225858369198,
drake maye,devon achane,christian mccaffrey,jaylen waddle,troy franklin,alec pierce,hunter henry,rj harvey,dolphins,21,"drake maye,devon achane,christian mccaffrey,rj harvey,jaylen waddle,troy franklin,alec pierce,hunter henry,dolphins",2.0,0.3266666666666666,119.6,60000.0,128.2445071347668,125.66041002853392,103.49739357098233,154.0022833846917,21.323125068711335,0.1211875415965484,125.66041002853392,
matthew stafford,devon achane,christian mccaffrey,jaylen waddle,tetairoa mcmillan,troy franklin,hunter henry,rj harvey,titans,3,"matthew stafford,devon achane,christian mccaffrey,rj harvey,jaylen waddle,tetairoa mcmillan,troy franklin,hunter henry,titans",1.0,0.0,120.4,60000.0,128.66462884734727,125.6480552120996,103.9486696577459,157.79846084396783,21.888902224066765,0.1378129247583266,125.6480552120996,
bo nix,devon achane,christian mccaffrey,jaylen waddle,troy franklin,michael pittman,kyle pitts sr,rj harvey,chargers,0,"bo nix,devon achane,christian mccaffrey,rj harvey,jaylen waddle,troy franklin,michael pittman,kyle pitts sr,chargers",1.0,0.0,120.7,60000.0,128.66909896250976,125.44678693691662,103.2106673035456,157.91064061486887,22.735293780355573,0.1417317082736524,125.44678693691662,
drake maye,devon achane,rico dowdle,tetairoa mcmillan,wandale robinson,troy franklin,taysom hill,breece hall,dolphins,mutated_655897,"drake maye,dolphins,tetairoa mcmillan,wandale robinson,troy franklin,devon achane,rico dowdle,breece hall,taysom hill",,,,,128.09555678406642,125.41431156961403,102.16207656921885,157.12230430043965,21.904120712361074,0.12240825594698679,125.41431156961403,
matthew stafford,devon achane,christian mccaffrey,jaylen waddle,tetairoa mcmillan,michael pittman,kyle pitts sr,rj harvey,vikings,19,"matthew stafford,devon achane,christian mccaffrey,rj harvey,jaylen waddle,tetairoa mcmillan,michael pittman,kyle pitts sr,vikings",1.0,0.0,119.7,60000.0,128.35703550253822,125.29510954152876,102.37377266164148,157.19115290875564,22.590394475335067,0.1355410576983323,125.29510954152876,
matthew stafford,devon achane,christian mccaffrey,jaylen waddle,troy franklin,michael pittman,kyle pitts sr,ashton jeanty,titans,25,"matthew stafford,devon achane,christian mccaffrey,ashton jeanty,jaylen waddle,troy franklin,michael pittman,kyle pitts sr,titans",2.0,0.4333333333333333,119.5,59900.0,127.4880680680666,125.10871441266762,101.58317433147492,155.43750156424505,22.206687244614866,0.1071458173472489,125.10871441266762,
bo nix,devon achane,christian mccaffrey,jaylen waddle,troy franklin,alec pierce,hunter henry,rj harvey,chargers,22,"bo nix,devon achane,christian mccaffrey,rj harvey,jaylen waddle,troy franklin,alec pierce,hunter henry,chargers",2.0,0.3533333333333333,119.6,59900.0,127.17808818390256,124.92008809234564,101.86264388583828,155.42644692010282,21.48313247668185,0.1051057192896703,124.92008809234564,
drake maye,devon achane,treveyon henderson,jaylen waddle,troy franklin,michael pittman,kyle pitts sr,rj harvey,chargers,18,"drake maye,devon achane,treveyon henderson,rj harvey,jaylen waddle,troy franklin,michael pittman,kyle pitts sr,chargers",1.0,0.0,119.7,60000.0,127.0851007660832,124.859959433378,102.1969099486376,154.2771420749629,21.831811596346043,0.1019219739454694,124.859959433378,
matthew stafford,devon achane,christian mccaffrey,jaylen waddle,wandale robinson,troy franklin,kyle pitts sr,rj harvey,dolphins,2,"matthew stafford,devon achane,christian mccaffrey,rj harvey,jaylen waddle,wandale robinson,troy franklin,kyle pitts sr,dolphins",1.0,0.0,120.5,60000.0,126.48066107460322,124.69209230497428,104.09892027921178,153.0693599363596,19.35015685856309,0.0924317452670907,124.69209230497428,
trevor lawrence,devon achane,christian mccaffrey,jaylen waddle,wandale robinson,troy franklin,kyle pitts sr,rj harvey,chargers,20,"trevor lawrence,devon achane,christian mccaffrey,rj harvey,jaylen waddle,wandale robinson,troy franklin,kyle pitts sr,chargers",2.0,0.3,119.7,60000.0,127.2156384046608,124.69101591924776,103.56998132703428,154.98556095029258,19.96595099021045,0.1264463929942981,124.69101591924776,
cj stroud,devon achane,christian mccaffrey,jaylen waddle,tetairoa mcmillan,troy franklin,kyle pitts sr,rj harvey,chargers,15,"cj stroud,devon achane,christian mccaffrey,rj harvey,jaylen waddle,tetairoa mcmillan,troy franklin,kyle pitts sr,chargers",1.0,0.0,119.8,60000.0,126.3637392984714,124.4696642136846,101.88957444660674,153.77379706425234,20.724750572956605,0.0913919363284564,124.4696642136846,
baker mayfield,devon achane,james cook,tetairoa mcmillan,marvin harrison,wandale robinson,taysom hill,treveyon henderson,chargers,mutated_214445,"baker mayfield,chargers,tetairoa mcmillan,marvin harrison,wandale robinson,devon achane,james cook,treveyon henderson,taysom hill",,,,,125.92851075614914,124.37658321264908,100.45926166985136,152.44214226242522,20.61716605794801,0.07527356277473361,124.37658321264908,
matthew stafford,devon achane,christian mccaffrey,jaylen waddle,tetairoa mcmillan,troy franklin,kyle pitts sr,rj harvey,raiders,6,"matthew stafford,devon achane,christian mccaffrey,rj harvey,jaylen waddle,tetairoa mcmillan,troy franklin,kyle pitts sr,raiders",1.0,0.0,120.0,59900.0,126.9687891160466,124.35177593143052,100.77064829587036,155.79038383629208,22.910543062301528,0.1142274618938331,124.35177593143052,
matthew stafford,devon achane,christian mccaffrey,jaylen waddle,michael pittman,khalil shakir,kyle pitts sr,rj harvey,dolphins,14,"matthew stafford,devon achane,christian mccaffrey,rj harvey,jaylen waddle,michael pittman,khalil shakir,kyle pitts sr,dolphins",1.0,0.0,119.8,59900.0,127.175094699805,124.29052051252762,102.55412502073057,154.31515329328693,21.961792434800017,0.1313451165628252,124.29052051252762,
matthew stafford,devon achane,christian mccaffrey,jaylen waddle,michael pittman,jayden higgins,kyle pitts sr,rj harvey,chargers,45,"matthew stafford,devon achane,christian mccaffrey,rj harvey,jaylen waddle,michael pittman,jayden higgins,kyle pitts sr,chargers",2.0,0.9666666666666668,119.3,60000.0,125.3888204136257,124.0536128046297,101.88749313532271,151.27748992437154,21.2415400669676,0.0628583240568494,124.0536128046297,
matthew stafford,devon achane,christian mccaffrey,jaylen waddle,troy franklin,michael pittman,hunter henry,rj harvey,cardinals,23,"matthew stafford,devon achane,christian mccaffrey,rj harvey,jaylen waddle,troy franklin,michael pittman,hunter henry,cardinals",2.0,0.38,119.6,59900.0,126.02484324502583,123.48425858452003,100.82829612146897,152.64158289254797,21.727443102442017,0.116929757842525,123.48425858452003,
matthew stafford,devon achane,christian mccaffrey,jaylen waddle,troy franklin,tre tucker,kyle pitts sr,rj harvey,chargers,11,"matthew stafford,devon achane,christian mccaffrey,rj harvey,jaylen waddle,troy franklin,tre tucker,kyle pitts sr,chargers",1.0,0.0,119.9,60000.0,125.41696302590265,123.47398490387658,102.07861321914784,151.98839275830528,20.437565912754295,0.0950689593036864,123.47398490387658,
matthew stafford,devon achane,christian mccaffrey,jaylen waddle,troy franklin,michael pittman,oronde gadsden,rj harvey,titans,44,"matthew stafford,devon achane,christian mccaffrey,rj harvey,jaylen waddle,troy franklin,michael pittman,oronde gadsden,titans",2.0,0.9400000000000002,119.3,59900.0,125.90593739114996,123.23298115296308,100.9577697430267,155.13563330821913,21.48875193209025,0.124388621853613,123.23298115296308,
matthew stafford,devon achane,christian mccaffrey,jaylen waddle,tetairoa mcmillan,alec pierce,kyle pitts sr,rj harvey,dolphins,8,"matthew stafford,devon achane,christian mccaffrey,rj harvey,jaylen waddle,tetairoa mcmillan,alec pierce,kyle pitts sr,dolphins",1.0,0.0,119.9,60000.0,125.48459265900296,123.21726825646118,100.58154266551462,153.96052727561334,21.37250968856471,0.1060860158952179,123.21726825646118,
matthew stafford,devon achane,christian mccaffrey,jaylen waddle,troy franklin,courtland sutton,kyle pitts sr,rj harvey,cardinals,35,"matthew stafford,devon achane,christian mccaffrey,rj harvey,jaylen waddle,troy franklin,courtland sutton,kyle pitts sr,cardinals",2.0,0.7,119.4,60000.0,126.19939254536897,122.93957307236307,101.53431979729142,154.90418721028135,21.459380508657485,0.1519065040899362,122.93957307236307,
matthew stafford,devon achane,christian mccaffrey,jaylen waddle,troy franklin,michael pittman,kyle pitts sr,rj harvey,browns,42,"matthew stafford,devon achane,christian mccaffrey,rj harvey,jaylen waddle,troy franklin,michael pittman,kyle pitts sr,browns",2.0,0.8866666666666667,119.4,60000.0,125.5474366236637,122.25939446720888,100.10607125942128,153.28634888181443,21.54223231938401,0.1526323784697178,122.25939446720888,
justin herbert,devon achane,james cook,tetairoa mcmillan,troy franklin,wandale robinson,hunter henry,treveyon henderson,panthers,mutated_449346,"justin herbert,panthers,tetairoa mcmillan,troy franklin,wandale robinson,devon achane,james cook,treveyon henderson,hunter henry",,,,,124.42009548285687,121.65788257722457,99.71470300891055,151.25097318860912,21.30953819263666,0.12962331143275346,121.65788257722457,
matthew stafford,devon achane,treveyon henderson,jaylen waddle,wandale robinson,troy franklin,kyle pitts sr,rj harvey,chargers,29,"matthew stafford,devon achane,treveyon henderson,rj harvey,jaylen waddle,wandale robinson,troy franklin,kyle pitts sr,chargers",2.0,0.54,119.5,59900.0,123.03198251728224,120.57116652162046,100.55245755482026,147.05578859641273,19.6388100457676,0.1253037220649794,120.57116652162046,
matthew stafford,devon achane,treveyon henderson,jaylen waddle,troy franklin,michael pittman,hunter henry,rj harvey,chargers,28,"matthew stafford,devon achane,treveyon henderson,rj harvey,jaylen waddle,troy franklin,michael pittman,hunter henry,chargers",2.0,0.5133333333333333,119.5,60000.0,122.21263421330656,120.13982285939616,98.21442373738115,148.68251571568672,21.092995963089564,0.0982701251893087,120.13982285939616,
